Producto,Precio,Fecha
JUEGO DIDACTICO PARA BEBE GUITARRA MK,  3.100,2021-06-23
SONAJERO DE MANO PARA BEBE MK,  5.200,2021-06-23
JUGUETE P/BEBE BOLSA PICA PAU REF 684,  8.900,2021-06-23
JUGUETE P/BEBE BOLSA PICA PAU REF 687,  13.800,2021-06-23
JUGUETE P/BEBE TROMPETA BOLSA PICA PAU REF 685,  8.900,2021-06-23
JGO DIDACTICO P/BEBE YAKO S/E REF Y18789011,  9.000,2021-06-23
JGO DIDACTICO P/BBEBE MK S/E REF MKD956705,  3.000,2021-06-23
SONAJERO D/MANO ALLIANCE REF 4601095N,  20.900,2021-06-23
SONAJERO D/MANO P/BEBE APOLO REF 9593817,  24.900,2021-06-23
JGO DIDACTICO C/FIGURAS YAKO S/E REF Y3656361,  3.500,2021-06-23
SONAJERO D/MANO P/BEBE APOLO REF 9599404,  26.500,2021-06-23
SONAJERO D/GOMA 2 PZS LA PALMA RE 2802,  2.000,2021-06-23
SONAJERO D/MANO P/BEBE APOLO REF 9593814,  19.900,2021-06-23
JUGUETE AUTO P/BEBE MK REF MKE035311,  3.100,2021-06-23
SONAJERO D/MANO P/ BEBE APOLO REF 1860076,  26.500,2021-06-23
SONAJERO D/MANO APOLO REF BK50140,  9.900,2021-06-23
JGO DIDACTICO P/BEBE MK S/E REF MKE039838,  5.000,2021-06-23
SONAJERO D/MANO P/BEBE APOLO REF 9589401,  14.900,2021-06-23
JGO DIDACTICO P/BEBE YAKO S/E REF Y14192041,  7.200,2021-06-23
JGO DIDACTICO P/BEBE YAKO S/E REF Y225006,  22.900,2021-06-23
JGO DIDACTICO P/BEBE DIS CAMION MK REF MKC883239,  5.200,2021-06-23
JUGUETE PARA BEBE APOLO REFERENCIA 330187,  9.900,2021-06-23
JUGUETE PARA BEBE 61 CM MIZRATEX REFERENCIA TXA08006,  51.400,2021-06-23
JGO DIDACTICO P/BEBE DIS ANIMALES MK S/E  REF MKE057109,  9.200,2021-06-23
JGO DIDACTICO P/ARMAR YAKO S/E REF Y12464018,  6.900,2021-06-23
SONAJERO D/MANO ALLIANCE REF 4699232,  19.950,2021-06-23
SET JUGUETE P/BEBE DIS PATO 2PZAS APOLO REF BK10000,  8.900,2021-06-23
JGO DIDACTICO P/BEBE YAKO S/E REF Y18789007,  7.000,2021-06-23
JUEGO DIDACTICO P/BEBE DIS ELEFANTE MK S/E REF MKE028102,  5.000,2021-06-23
SONAJERO D/MANO P/ BEBE APOLO REF 1860068 ,  15.900,2021-06-23
SONAJERO D/MANO P/BEBE APOLO REF 9573823,  40.950,2021-06-23
JGO DIDACTICO P/BEBE MK REF MK0539595,  19.300,2021-06-23
JGO DIDACTICO P/BEBE MK REF MK0963549,  19.900,2021-06-23
JGO DIDACTICO P/BEBE MK REF MKD193424,  5.200,2021-06-23
JGO DIDACTICO P/BEBE MK REF MKD299156,  5.000,2021-06-23
JGO DIDACTICO P/BEBE MK REF MKD622112,  3.100,2021-06-23
JGO DIDACTICO P/BEBE MK REF MKE693625,  23.400,2021-06-23
JGO DIDACTICO P/BEBE MK REF MKE697207,  7.000,2021-06-23
JGO DIDACTICO P/BEBE MK REF MKE697315,  9.000,2021-06-23
JGO DIDCTICO P/BEBE 4PZAS MK REF MKE623911,  14.500,2021-06-23
JGO DIDCTICO P/BEBE 5PZAS MK REF MKE509116,  9.000,2021-06-23
JGO DIDACTICO P/BEBE MK REF MKE523498,  5.000,2021-06-23
SONAJERO D/MANO P/BEBE MK S/E REF MKE578587,  5.200,2021-06-23
SONAJERO D/MANO P/BEBE MK S/E REF MKE578596,  5.000,2021-06-23
SONAJERO D/MANO P/BEBE MK S/E REF MKE637105,  5.000,2021-06-23
SONAJERO D/MANO P/BEBE MK S/E REF MKE637231,  5.000,2021-06-23
SONAJERO D/MANO 3PZAS P/BEBE MK S/E REF MKE492151,  5.000,2021-06-23
SONAJERO D/MANO MK S/E REF MKE510655,  3.100,2021-06-23
SONAJERO D/MANO MK S/E REF MKE637024,  9.200,2021-06-23
SONAJERO D/MANO MK S/E REF MKE637069,  11.200,2021-06-23
SONAJERO D/MANO MK S/E REF MKE637204,  9.000,2021-06-23
SONAJERO D/MANO MK S/E REF MKE914188,  5.000,2021-06-23
SONAJERO D/MANO MK S/E REF MKE914404,  5.200,2021-06-23
JGO P/BEBE EMC REF INP350103,  15.900,2021-06-23
SONAJERO D/ MANO P/ BEBE APOLO REF 1860084,  19.900,2021-06-23
JUEGO DIDACTICO P/BEBE DIS TORTUGA MK S/E REF MKE001687,  5.200,2021-06-23
JGO DIDACTICO P/BEBE DIS PEZ MK REF MKE035977,  5.000,2021-06-23
JGO DIDACTICO P/BEBE C/SONIDO YAKO REF Y11856152,  16.900,2021-06-23
JGO DIDACTICO P/BEBE YAKO REF Y4028029,  34.900,2021-06-23
JGO DIDACTICO P/BEBE YAKO REF Y9619007,  5.000,2021-06-23
JGO DIDACTICO P/BEBE DIS PEZ MK REF MKD912911,  5.200,2021-06-23
SONAJERO D/MANO P/BEBE APOLO REF 1860090,  14.900,2021-06-23
JUEGO DIDACTICO P/BEBE YAKO S/E REF Y18789009,  7.000,2021-06-23
JUEGO DIDACTICO P/BEBE YAKO S/E REF Y18789010,  9.200,2021-06-23
SONAJERO D/MANO VAR DIS MK BLISTER REF MKG247169,  40.700,2021-06-23
DOMINO EN CAJA D/MADERA DIS/GEOMETRICOS PEPI,  32.900,2021-06-23
ABACO VERTICAL PEPI,  59.900,2021-06-23
JUEGO D/MUSICA P/BEBE CJA MK REF H436347,  23.400,2021-06-23
SET DE SONAJEROS 4 PCS CJA MK REF H626265,  35.600,2021-06-23
SONAJEROS P/BEBE MK REF H685692,  25.400,2021-06-23
SONAJERO D/MANO P/ BEBE BOLS MK REF MKI313802 ,  900,2021-06-23
SONAJERO D/MANO DIS FLOR MK REF MKI323990,  700,2021-06-23
SONAJERO D/MANO P/ BEBE MK REF MKI347228,  800,2021-06-23
SONAJERO D/MANO P/BEBE MK REF MKI347201 ,  800,2021-06-23
SONAJERO D/MANO MK REF MKI403820,  1.600,2021-06-23
SONAJERO D/MANO P/BEBE MK REF MKH987912 ,  5.200,2021-06-23
SONAJERO D/MANO P/BEBE BOLSA MK REF MKI562607,  5.200,2021-06-23
SONAJERO D/MANO P/BEBE 4PCS CJA MK REF MKI512315,  19.300,2021-06-23
JUGUETE JUEGO DIDACTICO BOLSA PICA PAU REF 486,  22.900,2021-06-23
JUGUETE JUEGO DIDACTICO DIS RELOJ BLS PICA PAU REF 631,  20.300,2021-06-23
JUGUETE P/BEBE DIS ANIMAL BOLSA 4PCS MK REF MKJ202597,  13.300,2021-06-23
JUGUETE P/BEBE BOLSA 4PCS MK REF MKJ295873,  25.400,2021-06-23
JUGUETE P/BEBE C/MUSICA CJA MK REF MKJ296035,  50.900,2021-06-23
JUGUETE P/BEBE BOLSA 4PCS MK REF MKJ295909,  25.400,2021-06-23
JUGUETE SONAJERO P/BEBE BOLSA MK REF MKG166988,  18.900,2021-06-23
JUEGO P/BEBE CJA MK REF MKJ489859,  49.900,2021-06-23
JUGUETE P/BEBE CJA MK REF MKJ737530,  36.900,2021-06-23
JUGUETE SONAJERO P/BEBE BOLSA MK REF MKJ777022,  6.900,2021-06-23
JUGUETE P/BEBE DADO BOLSA MK REF MKJ818143,  19.900,2021-06-23
JUGUETE ANIMALES C/RUEDAS ZOO GARDEN DIVERTOYS S/E REF 626,  24.900,2021-06-23
TALADRO COLORIDO C/ LUZ Y SONIDO 6456 XPLAST,  34.900,2021-06-23
SERRUCHO RUM C/ LUZ Y SONIDO 6457 XPLAST,  34.900,2021-06-23
VOLANTE BABY C/ LUZ Y SONIDO 6461 XPLAST,  49.900,2021-06-23
CASITA DIDACTICA 6451 XPLAST,  74.900,2021-06-23
APRENDIENDO A MANEJAR BABY C/ LUZ Y SONIDO 6462 XPLAST,  89.900,2021-06-23
SONAJERO D/MANO P/BEBE DAYO,  3.900,2021-06-23
TAPETE MAGICO MICKEY ROADSTER RACERS S/E RONDA REF 11542,  144.900,2021-06-23
TAPETE MAGICO FROZEN COLECCIONABLE ANNA S/E RONDA REF 11543,  144.900,2021-06-23
TAPETE MAGICO TOY STORY S/E RONDA REF 62103,  144.900,2021-06-23
JUGUETE P/BEBE AUTOS Y CRIATURAS 6 PZAS.POLYM,  52.000,2021-06-23
TAPETE MAGICO CARS 3 COLECCIONABLE STORM S/E RONDA REF 11546,  144.900,2021-06-23
TAPETE MAGICO TOY STORY II S/E RONDA REF 11918,  144.900,2021-06-23
TAPETE MAGICO CARS 3 COLECCIONABLE CRUZ S/E RONDA REF 11545,  144.900,2021-06-23
JUGUETE P/BEBE POLYM AVES 13 PZAS.,  52.000,2021-06-23
ALFOMBRA DIDACTICO MK REF MKK353481,  39.900,2021-06-23
JUGUETE PARA BEBE C/SONIDO CJA MK REF MKK416499,  14.900,2021-06-23
JUGUETE PATO BOLSA MK REF MKH247518,  8.900,2021-06-23
SONAJERO D/MANO P/BEBE BLIS PICA PAU REF 457,  13.200,2021-06-23
JGO DIDACTICO P/BEBE MAYS S/E REF 821-G8899,  95.900,2021-06-23
SET D/SONAJEROS 3PZAS MK S/E REF MKE080293,  10.100,2021-06-23
JGO DIDACTICO P/BEBE DIS GUITARRA C/SONIDO YAKO S/E REF Y10569012,  5.000,2021-06-23
